"07/2018","PARQUET-1341"
"07/2018","PARQUET-1344"
"11/2018","PARQUET-1460"
"11/2018","PARQUET-1461"
"05/2015","PARQUET-287"
"01/2015","PARQUET-168"
"06/2015","PARQUET-284"
"03/2015","PARQUET-162"
"06/2015","PARQUET-285"
"05/2015","PARQUET-164"
"02/2018","PARQUET-1217"
"11/2018","PARQUET-1456"
"11/2019","PARQUET-1691"
"08/2014","PARQUET-8"
"07/2014","PARQUET-4"
"01/2017","PARQUET-825"
"06/2014","PARQUET-3"
"06/2018","PARQUET-952"
"01/2015","PARQUET-157"
"07/2015","PARQUET-152"
"05/2015","PARQUET-273"
"06/2015","PARQUET-151"
"12/2015","PARQUET-396"
"02/2018","PARQUET-1208"
"12/2014","PARQUET-150"
"10/2018","PARQUET-1440"
"05/2019","PARQUET-1441"
"10/2018","PARQUET-1201"
"10/2016","PARQUET-743"
"09/2016","PARQUET-623"
"02/2015","PARQUET-189"
"03/2015","PARQUET-188"
"02/2015","PARQUET-185"
"03/2015","PARQUET-187"
"03/2015","PARQUET-186"
"06/2018","PARQUET-1317"
"03/2015","PARQUET-180"
"05/2019","PARQUET-1555"
"07/2019","PARQUET-1550"
"02/2020","PARQUET-1794"
"06/2018","PARQUET-1311"
"10/2016","PARQUET-726"
"06/2016","PARQUET-612"
"06/2015","PARQUET-178"
"06/2018","PARQUET-1309"
"01/2015","PARQUET-174"
"02/2015","PARQUET-173"
"06/2015","PARQUET-297"
"11/2018","PARQUET-1305"
"03/2015","PARQUET-172"
"11/2017","PARQUET-1145"
"10/2018","PARQUET-1388"
"01/2018","PARQUET-1025"
"01/2018","PARQUET-1141"
"07/2014","PARQUET-19"
"07/2014","PARQUET-18"
"11/2016","PARQUET-765"
"09/2014","PARQUET-24"
"07/2014","PARQUET-22"
"06/2016","PARQUET-645"
"07/2014","PARQUET-21"
"08/2016","PARQUET-400"
"06/2016","PARQUET-642"
"03/2020","PARQUET-1817"
"03/2020","PARQUET-1818"
"11/2018","PARQUET-1258"
"05/2018","PARQUET-1253"
"10/2019","PARQUET-1496"
"10/2017","PARQUET-1133"
"01/2019","PARQUET-1498"
"02/2016","PARQUET-509"
"08/2018","PARQUET-1371"
"10/2016","PARQUET-753"
"08/2016","PARQUET-511"
"10/2016","PARQUET-751"
"05/2017","PARQUET-196"
"03/2015","PARQUET-197"
"02/2020","PARQUET-1803"
"07/2019","PARQUET-1488"
"04/2018","PARQUET-1246"
"08/2018","PARQUET-1368"
"06/2017","PARQUET-1005"
"04/2018","PARQUET-1128"
"02/2019","PARQUET-1485"
"02/2019","PARQUET-1480"
"06/2016","PARQUET-544"
"12/2016","PARQUET-786"
"12/2015","PARQUET-305"
"12/2016","PARQUET-783"
"07/2016","PARQUET-540"
"07/2014","PARQUET-9"
"01/2016","PARQUET-422"
"07/2016","PARQUET-663"
"09/2016","PARQUET-660"
"04/2020","PARQUET-1599"
"01/2019","PARQUET-1478"
"03/2018","PARQUET-1236"
"09/2018","PARQUET-1353"
"10/2019","PARQUET-1596"
"01/2019","PARQUET-1475"
"02/2019","PARQUET-1470"
"12/2018","PARQUET-1472"
"02/2016","PARQUET-529"
"03/2016","PARQUET-528"
"01/2016","PARQUET-413"
"08/2014","PARQUET-13"
"02/2016","PARQUET-415"
"08/2014","PARQUET-11"
"01/2017","PARQUET-772"
"07/2016","PARQUET-651"
"02/2016","PARQUET-410"
"01/2020","PARQUET-1741"
"02/2020","PARQUET-1622"
"01/2018","PARQUET-1185"
"01/2018","PARQUET-1065"
"06/2015","PARQUET-317"
"07/2015","PARQUET-325"
"07/2015","PARQUET-324"
"04/2016","PARQUET-569"
"08/2014","PARQUET-66"
"07/2015","PARQUET-320"
"10/2016","PARQUET-686"
"03/2015","PARQUET-202"
"10/2016","PARQUET-685"
"06/2015","PARQUET-201"
"08/2014","PARQUET-69"
"04/2016","PARQUET-560"
"10/2014","PARQUET-64"
"09/2014","PARQUET-63"
"07/2019","PARQUET-1615"
"08/2014","PARQUET-62"
"05/2018","PARQUET-1297"
"05/2018","PARQUET-1293"
"05/2018","PARQUET-1296"
"08/2016","PARQUET-669"
"04/2016","PARQUET-548"
"06/2015","PARQUET-314"
"06/2015","PARQUET-316"
"02/2016","PARQUET-431"
"02/2016","PARQUET-430"
"10/2016","PARQUET-674"
"06/2015","PARQUET-311"
"12/2016","PARQUET-791"
"08/2014","PARQUET-75"
"08/2014","PARQUET-73"
"09/2014","PARQUET-72"
"07/2019","PARQUET-1600"
"05/2018","PARQUET-1285"
"03/2015","PARQUET-225"
"08/2015","PARQUET-346"
"09/2014","PARQUET-104"
"12/2015","PARQUET-349"
"10/2014","PARQUET-107"
"01/2017","PARQUET-348"
"04/2015","PARQUET-227"
"10/2014","PARQUET-106"
"09/2014","PARQUET-101"
"04/2016","PARQUET-584"
"07/2015","PARQUET-342"
"04/2016","PARQUET-581"
"04/2016","PARQUET-580"
"07/2015","PARQUET-340"
"02/2020","PARQUET-41"
"04/2018","PARQUET-1275"
"11/2017","PARQUET-1156"
"11/2017","PARQUET-1152"
"11/2017","PARQUET-1153"
"07/2015","PARQUET-329"
"03/2015","PARQUET-208"
"07/2015","PARQUET-336"
"03/2015","PARQUET-215"
"09/2015","PARQUET-335"
"04/2015","PARQUET-214"
"07/2014","PARQUET-56"
"07/2015","PARQUET-338"
"03/2015","PARQUET-217"
"07/2015","PARQUET-337"
"04/2015","PARQUET-211"
"07/2015","PARQUET-331"
"12/2015","PARQUET-334"
"08/2014","PARQUET-59"
"01/2016","PARQUET-212"
"03/2016","PARQUET-571"
"03/2019","PARQUET-1544"
"07/2019","PARQUET-1303"
"05/2018","PARQUET-1304"
"02/2020","PARQUET-1784"
"09/2018","PARQUET-1421"
"10/2015","PARQUET-369"
"11/2014","PARQUET-123"
"11/2015","PARQUET-364"
"05/2015","PARQUET-243"
"11/2014","PARQUET-122"
"05/2016","PARQUET-367"
"07/2015","PARQUET-246"
"01/2015","PARQUET-124"
"09/2015","PARQUET-360"
"09/2015","PARQUET-363"
"04/2015","PARQUET-242"
"10/2015","PARQUET-241"
"08/2015","PARQUET-362"
"09/2018","PARQUET-1417"
"02/2019","PARQUET-1533"
"05/2019","PARQUET-1534"
"03/2019","PARQUET-1531"
"10/2014","PARQUET-109"
"05/2015","PARQUET-229"
"01/2018","PARQUET-357"
"04/2015","PARQUET-239"
"12/2015","PARQUET-353"
"04/2015","PARQUET-235"
"11/2014","PARQUET-114"
"04/2015","PARQUET-234"
"02/2019","PARQUET-1529"
"12/2015","PARQUET-352"
"02/2019","PARQUET-1527"
"11/2018","PARQUET-1407"
"01/2020","PARQUET-1765"
"09/2019","PARQUET-1644"
"01/2019","PARQUET-1520"
"05/2015","PARQUET-269"
"09/2014","PARQUET-88"
"12/2015","PARQUET-387"
"12/2014","PARQUET-145"
"07/2016","PARQUET-389"
"04/2015","PARQUET-268"
"09/2014","PARQUET-82"
"12/2015","PARQUET-382"
"02/2016","PARQUET-385"
"08/2014","PARQUET-80"
"01/2015","PARQUET-142"
"02/2019","PARQUET-1514"
"09/2014","PARQUET-85"
"08/2019","PARQUET-1637"
"10/2015","PARQUET-381"
"11/2015","PARQUET-380"
"01/2019","PARQUET-1510"
"01/2018","PARQUET-1077"
"01/2017","PARQUET-806"
"01/2018","PARQUET-1191"
"02/2019","PARQUET-138"
"09/2015","PARQUET-376"
"09/2015","PARQUET-375"
"05/2015","PARQUET-254"
"01/2015","PARQUET-136"
"11/2014","PARQUET-135"
"05/2016","PARQUET-372"
"07/2015","PARQUET-251"
"02/2016","PARQUET-495"
"11/2014","PARQUET-132"
"10/2015","PARQUET-373"
"05/2015","PARQUET-252"
"09/2014","PARQUET-90"
"03/2015","PARQUET-97"
"09/2014","PARQUET-96"
"09/2014","PARQUET-94"
